class_name,precision,recall,f1_score,support
xss,0.961340206185567,0.9857945160224645,0.9734137987277769,3027.0
injection,0.9849872773536895,0.9694465314300025,0.9771551180108545,3993.0
ddos,0.9919456330229046,0.9854963740935234,0.9887104867034621,3999.0
dos,0.9910479199578726,0.9907870492234798,0.9909174674213506,3799.0
scanning,0.989557434112382,0.995,0.9922712540513587,4000.0
password,0.9959616355376073,0.9934541792547835,0.994706327199395,3972.0
normal,0.9988109393579072,0.9990485252140818,0.9989297181591152,8408.0
ransomware,0.999321343739396,0.999321343739396,0.999321343739396,2947.0
backdoor,1.0,0.9997327632282202,0.9998663637578511,3742.0
